Season,TeamName,Tempo,RankTempo,AdjTempo,RankAdjTempo,OE,RankOE,AdjOE,RankAdjOE,DE,RankDE,AdjDE,RankAdjDE,AdjEM,RankAdjEM,seed
2002,Duke,77.0734,8,73.9016,10,116.373,1,121.374,1,90.2544,4,87.3522,2,34.022,1,1
2002,Cincinnati,68.4368,212,66.9485,202,112.274,10,117.448,7,86.3924,1,86.6033,1,30.8442,2,1
2002,Kansas,79.0371,5,77.6019,2,114.544,4,118.1,5,94.4261,39,90.3113,7,27.7883,3,1
2002,Maryland,75.2758,20,73.3263,16,113.167,5,118.151,4,94.3706,36,91.2974,12,26.8534,4,1
2002,Florida,71.8971,84,69.5612,95,110.418,22,115.387,16,91.125,7,89.6694,5,25.7176,5,5
2002,Oklahoma,69.3604,180,65.8584,235,111.044,16,113.306,25,91.4413,8,88.4422,4,24.8637,6,2
2002,Oregon,73.3053,52,70.5594,63,116.342,2,119.924,2,96.8665,75,95.8006,41,24.1236,7,2
2002,Indiana,65.7442,285,64.7779,269,105.397,80,112.595,31,94.4987,42,89.6736,6,22.9213,8,5
2002,Marquette,67.3809,244,64.5763,277,108.564,36,113.298,26,90.0151,2,91.0361,11,22.2615,9,5
2002,Kentucky,70.2659,145,67.6361,174,105.277,85,112.536,32,94.9881,49,90.3566,8,22.1792,10,4
2002,Illinois,70.3965,139,68.6908,138,109.664,24,114.796,19,96.4559,69,92.8809,21,21.9149,11,4
2002,USC,71.6328,94,69.4315,103,107.349,51,112.82,30,95.4624,57,90.9967,10,21.8232,12,4
2002,Arizona,74.1462,32,71.2261,53,111.008,17,119.212,3,104.041,235,97.3917,66,21.8199,13,3
2002,Stanford,71.4355,101,69.5528,96,112.521,9,116.857,9,99.801,142,95.8058,42,21.0509,14,8
2002,"Ohio St.",66.3782,274,66.4133,220,111.339,15,116.892,8,96.5748,71,96.0636,47,20.8285,15,4
2002,Alabama,69.8636,167,67.8101,165,108.436,40,114.177,24,95.2313,55,94.1585,29,20.0181,16,2
2002,Gonzaga,70.978,114,67.9914,160,112.748,7,116.295,11,93.6616,28,96.4997,56,19.7952,17,6
2002,"Kent St.",65.4145,288,64.1921,282,115.755,3,115.899,14,96.7084,73,96.5628,57,19.3362,18,10
2002,Pittsburgh,66.5007,268,63.3188,293,107.34,52,111.804,38,90.1442,3,92.5312,16,19.2728,19,3
2002,"Mississippi St.",70.0123,159,67.6977,171,104.527,99,111.797,39,94.7267,46,92.8341,20,18.9632,20,3
2002,Georgia,70.6786,129,69.2028,112,108.448,38,116.091,12,100.511,160,97.2536,63,18.8371,21,3
2002,"South Carolina",66.8645,257,64.6221,274,100.539,165,106.859,96,91.5564,10,88.081,3,18.7782,22,NULL
2002,Xavier,66.8298,259,66.4403,219,108.351,42,111.243,43,93.2482,22,92.5336,17,18.7095,23,7
2002,Connecticut,71.8605,87,68.9657,123,106.195,64,110.579,52,93.6429,27,92.0294,15,18.5499,24,2
2002,Mississippi,66.967,253,64.2148,281,107.729,45,114.224,23,95.6265,59,95.8383,43,18.3854,25,9
2002,"North Carolina St.",69.9059,166,67.2156,190,108.394,41,112.169,35,96.7003,72,93.9116,26,18.2573,26,7
2002,"Notre Dame",70.3693,140,68.1446,156,109,31,115.319,18,95.8235,60,97.5508,70,17.7678,27,8
2002,"Texas Tech",72.5477,68,69.7493,91,109.076,30,114.262,22,97.7252,89,96.9368,60,17.3249,28,6
2002,"Michigan St.",64.8412,297,62.9567,301,107.569,47,113.29,27,98.5233,102,96.0881,48,17.2017,29,10
2002,Butler,62.5283,318,61.7509,316,110.989,18,111.038,44,90.4143,5,94.0056,28,17.0321,30,NULL
2002,Charlotte,68.4682,211,66.7234,208,107.288,53,114.501,20,99.058,117,97.5064,68,16.9942,31,9
2002,California,68.9445,191,66.4567,217,104.047,107,109.706,63,94.9897,50,92.8917,22,16.8143,32,6
2002,"Wake Forest",73.2075,53,69.4424,102,110.631,20,117.448,6,103.941,234,100.767,125,16.6817,33,7
2002,Dayton,66.8738,256,66.458,216,108.967,32,112.512,33,94.4969,41,95.9593,45,16.5527,34,NULL
2002,Texas,70.7855,125,68.8534,129,109.9,23,116.036,13,102.734,204,99.5269,99,16.5086,35,6
2002,"Miami FL",70.5375,134,68.5524,142,104.557,97,110.135,58,93.077,20,93.973,27,16.1625,36,5
2002,Memphis,73.1418,56,69.8242,87,108.547,37,111.831,37,94.9265,48,95.8415,44,15.9896,37,NULL
2002,Georgetown,73.7815,43,70.9341,59,105.754,73,110.097,59,93.5083,25,94.247,30,15.85,38,NULL
2002,"Oklahoma St.",68.8801,194,65.7045,240,103.935,111,107.591,90,92.8097,18,91.8978,14,15.6932,39,7
2002,UCLA,69.505,177,67.0304,197,106.244,63,113.259,28,102.937,211,97.9373,77,15.3217,40,8
2002,"Western Kentucky",69.0281,188,67.0926,192,109.122,29,110.535,54,92.5488,16,95.2192,34,15.3154,41,9
2002,Utah,62.6181,316,61.8472,314,107.712,46,111.442,40,97.4318,81,96.1611,49,15.2805,42,12
2002,Tulsa,71.3555,104,69.5823,93,112.082,12,114.383,21,96.5354,70,99.1584,92,15.2246,43,12
2002,Missouri,70.7578,127,68.7099,137,112.716,8,115.323,17,101.992,185,100.214,113,15.1086,44,12
2002,Valparaiso,69.9092,165,68.1911,155,110.569,21,111.344,41,94.0668,30,97.2123,62,14.1322,45,13
2002,Minnesota,68.9526,190,68.385,147,108.13,43,113.056,29,101.245,173,99.0985,89,13.9574,46,NULL
2002,Iowa,69.0357,187,68.9745,122,105.58,77,110.375,55,99.1211,120,96.6744,58,13.7008,47,NULL
2002,Hawaii,67.0323,251,64.9374,264,108.442,39,110.916,46,94.6345,44,97.3463,65,13.5696,48,10
2002,Wisconsin,63.8016,310,63.0111,299,103.029,124,109.705,64,100.376,153,96.4136,52,13.2916,49,8
2002,Tennessee,68.6627,204,66.3958,221,102.536,131,110.649,49,102.035,187,97.6883,72,12.9607,50,NULL
2002,Villanova,68.6748,202,66.8941,204,101.602,148,106.134,110,95.0364,52,93.1889,24,12.9447,51,NULL
2002,Louisville,75.0834,22,72.9196,22,101.485,150,107.797,81,95.9044,61,94.8925,33,12.9047,52,NULL
2002,Arkansas,73.5414,47,71.6216,45,100.703,161,108.63,75,98.6219,105,95.746,40,12.8838,53,NULL
2002,Virginia,74.3054,30,69.2617,109,107.193,54,111.248,42,100.509,159,98.4898,84,12.7582,54,NULL
2002,Pepperdine,74.1445,33,72.4766,28,107.055,59,110.976,45,99.0433,116,98.2587,79,12.7171,55,10
2002,"Southern Illinois",70.9269,118,70.9955,57,107.092,58,108.06,80,94.3099,34,95.3563,37,12.7039,56,11
2002,Penn,65.6728,286,65.1685,257,109.541,27,109.308,69,94.2234,32,96.9278,59,12.3806,57,11
2002,Temple,64.1172,309,62.5342,308,107.437,49,112.162,36,102.753,206,100.055,107,12.1072,58,NULL
2002,LSU,67.5357,238,64.6618,273,100.806,159,105.517,116,94.3566,35,93.5485,25,11.9689,59,NULL
2002,Syracuse,71.8436,88,69.3366,107,102.479,135,106.711,101,94.3027,33,94.7752,32,11.9358,60,NULL
2002,"Saint Joseph's",68.4189,213,67.5958,177,112.032,13,115.564,15,105.255,256,103.727,188,11.8368,61,NULL
2002,"Bowling Green",66.4733,270,66.3528,222,109.348,28,110.366,56,99.1858,126,98.7743,87,11.5913,62,NULL
2002,BYU,64.9458,294,64.6703,272,105.308,83,109.273,70,99.336,129,97.785,73,11.4881,63,NULL
2002,Creighton,68.1765,226,66.9458,203,109.643,25,110.87,47,98.2993,96,99.5253,98,11.3452,64,12
2002,"Arizona St.",73.3061,51,71.5405,46,103.783,114,107.742,85,99.1581,122,96.481,55,11.2611,65,NULL
2002,"Ball St.",70.1481,152,68.7306,136,110.819,19,112.182,34,101.255,174,101.207,132,10.9749,66,NULL
2002,"Utah St.",62.3489,319,62.9324,302,105.304,84,106.4,106,92.95,19,95.4668,38,10.933,67,NULL
2002,Wyoming,69.6172,175,69.059,118,105.365,81,108.19,78,97.0568,78,97.3391,64,10.8511,68,11
2002,"UNC Wilmington",64.2049,308,63.0568,297,104.16,106,106.032,113,93.3916,23,95.3145,35,10.7173,69,13
2002,"Louisiana Tech",67.4131,243,65.7087,239,104.544,98,109.109,73,97.6616,86,98.7367,86,10.3718,70,NULL
2002,"San Diego St.",70.8861,121,69.7602,90,103.141,123,106.815,97,98.7068,108,96.454,53,10.3606,71,13
2002,"Boston College",70.6985,128,69.027,121,103.707,116,109.516,66,99.2527,128,99.2719,95,10.2439,72,11
2002,"Georgia Tech",73.4532,49,70.2026,74,104.194,105,110.565,53,103.826,230,100.525,116,10.0396,73,NULL
2002,"UC Santa Barbara",63.2345,312,63.1683,295,105.216,86,107.66,88,96.0965,65,98.0668,78,9.59321,74,14
2002,"South Florida",74.1601,31,71.4525,47,102.287,139,106.712,100,98.0183,91,97.1866,61,9.52547,75,NULL
2002,"St. John's",71.8188,90,68.7905,133,97.0139,236,101.956,178,94.3765,37,92.6749,18,9.28117,76,9
2002,Richmond,62.7513,315,60.8721,319,99.4365,192,103.978,139,97.5059,84,95.3315,36,8.64692,77,NULL
2002,"St. Bonaventure",71.2072,108,70.9686,58,112.89,6,116.442,10,108.779,307,107.817,259,8.62493,78,NULL
2002,UNLV,71.9814,83,71.8283,39,105.794,71,109.109,72,101.574,180,100.722,121,8.38683,79,NULL
2002,"College of Charleston",65.1344,291,61.8183,315,104.312,101,104.609,132,92.3612,13,96.3101,50,8.29847,80,NULL
2002,"Fresno St.",73.0455,62,72.273,32,100.088,180,103.736,143,95.963,63,95.4836,39,8.25275,81,NULL
2002,"UC Irvine",64.8001,300,64.4614,278,106.39,62,108.662,74,98.537,103,100.746,123,7.91547,82,NULL
2002,Vanderbilt,71.0171,112,69.0307,120,101.378,151,108.097,79,102.646,201,100.45,114,7.64667,83,NULL
2002,"New Mexico",66.9246,254,66.0411,230,107.893,44,110.626,50,102.842,208,102.991,172,7.63583,84,NULL
2002,Purdue,68.582,207,67.6846,172,103.171,120,109.392,68,104.309,241,101.828,142,7.56393,85,NULL
2002,"Tennessee Tech",69.2262,184,66.711,209,111.825,14,110.158,57,100.328,152,102.978,171,7.17945,86,NULL
2002,"Saint Louis",67.1532,249,65.0029,261,93.4462,286,98.0038,241,93.0888,21,90.8334,9,7.17046,87,NULL
2002,Auburn,71.2696,106,69.8317,86,92.1664,298,98.4477,235,93.4108,24,91.3929,13,7.05472,88,NULL
2002,"Seton Hall",71.4939,99,68.3068,149,97.924,218,104.402,135,98.7877,109,97.5232,69,6.87884,89,NULL
2002,Pacific,64.7018,301,64.9865,262,107.437,48,109.715,62,100.442,157,103.168,178,6.54657,90,NULL
2002,"East Tennessee St.",76.2883,14,73.3707,14,102.845,125,105.738,114,96.9699,77,99.2012,93,6.53627,91,NULL
2002,Northwestern,62.9664,313,61.3859,317,95.0225,263,99.5016,217,94.1518,31,93.0895,23,6.41215,92,NULL
2002,"New Mexico St.",70.351,141,68.1161,157,106.485,61,109.15,71,100.837,167,102.837,165,6.31299,93,NULL
2002,Colorado,74.4286,28,71.7006,42,107.164,55,110.734,48,105.523,262,104.456,206,6.27778,94,NULL
2002,UAB,70.2208,146,67.4179,184,99.3675,194,102.306,172,95.4245,56,96.0427,46,6.26371,95,NULL
2002,Providence,73.0468,61,70.8607,61,96.8045,240,102.455,167,95.0322,51,96.4059,51,6.04949,96,NULL
2002,Milwaukee,71.8634,86,71.2646,52,102.672,126,104.368,136,98.0398,93,98.3483,81,6.02016,97,NULL
2002,"Arkansas Little Rock",70.0963,156,68.863,127,103.783,115,106.613,103,96.388,68,100.594,118,6.01927,98,NULL
2002,Washington,73.1245,57,71.1087,54,97.7968,223,105.267,118,105.617,265,99.2579,94,6.00863,99,NULL
2002,"San Diego",70.4711,136,68.655,140,104.682,95,107.712,87,100.575,162,101.844,145,5.86745,100,NULL
2002,"McNeese St.",68.6084,206,65.6792,241,102.226,142,103.553,148,92.412,14,97.8228,75,5.73024,101,14
2002,"Louisiana Lafayette",70.7922,124,70.0638,79,97.1703,234,99.7008,214,92.7172,17,94.3092,31,5.39163,102,NULL
2002,Houston,69.0099,189,66.0668,228,104.258,104,109.489,67,105.442,260,104.172,198,5.31676,103,NULL
2002,Rutgers,71.8666,85,69.4732,100,93.7716,283,97.7671,245,91.4633,9,92.7143,19,5.05279,104,NULL
2002,Detroit,64.988,293,63.1539,296,100.264,172,102.613,161,97.9429,90,97.8322,76,4.78058,105,NULL
2002,"UNC Greensboro",71.495,98,68.2655,151,101.031,154,102.976,155,95.1712,54,98.4701,83,4.50641,106,NULL
2002,Nebraska,68.6728,203,66.2402,225,101.358,152,105.088,121,102.312,195,100.6,119,4.48818,107,NULL
2002,SMU,69.5233,176,67.4831,181,104.297,102,107.363,93,102.246,191,102.922,168,4.44113,108,NULL
2002,TCU,79.1292,4,76.1432,4,106.087,65,109.793,60,105.556,264,105.411,221,4.38144,109,NULL
2002,"Oral Roberts",71.1239,111,69.1284,114,105.655,75,105.081,122,97.4955,82,100.735,122,4.34616,110,NULL
2002,Baylor,70.7756,126,68.0925,159,104.883,91,107.72,86,103.638,227,103.384,184,4.33599,111,NULL
2002,Manhattan,71.34,105,68.5144,144,104.772,93,103.727,144,92.4869,15,99.4172,96,4.30997,112,NULL
2002,Hampton,70.1835,148,68.8228,132,112.24,11,109.772,61,98.9916,114,105.848,229,3.92456,113,15
2002,"Southwest Missouri St.",65.8075,281,64.7077,271,105.916,68,106.766,98,101.925,184,102.854,166,3.9121,114,NULL
2002,Marist,70.1036,154,68.2341,153,105.849,69,106.409,105,96.2825,66,102.543,161,3.86646,115,NULL
2002,"Oregon St.",64.8292,298,60.979,318,98.6791,202,103.264,153,103.542,225,99.4353,97,3.8283,116,NULL
2002,Ohio,68.8812,193,67.6147,175,108.859,34,107.64,89,104.549,246,103.923,194,3.71637,117,NULL
2002,"Colorado St.",67.1735,247,66.2909,223,100.386,169,103.624,147,100.878,168,99.9681,105,3.65563,118,NULL
2002,"Iowa St.",67.4299,242,65.0237,259,103.231,119,107.402,91,103.102,215,103.805,190,3.59667,119,NULL
2002,Nevada,72.4959,71,71.387,49,100.095,178,103.72,145,99.1609,123,100.171,111,3.5488,120,NULL
2002,VCU,72.2522,78,70.5893,62,99.6787,187,102.512,164,94.5212,43,99.0815,88,3.43053,121,NULL
2002,Davidson,68.8836,192,64.8697,268,98.0026,215,100.838,193,97.679,88,97.4915,67,3.34606,122,13
2002,Tulane,71.6088,95,68.915,126,98.8326,199,104.454,134,102.839,207,101.141,130,3.31249,123,NULL
2002,"Illinois Chicago",68.5598,208,67.2162,189,105.712,74,108.488,76,104.374,243,105.214,215,3.27351,124,15
2002,Massachusetts,65.2743,289,63.992,288,98.3053,206,101.584,181,100.819,166,98.3366,80,3.24704,125,NULL
2002,"Kansas St.",68.3597,215,65.6621,243,100.088,179,103.328,150,102.947,212,100.146,110,3.18239,126,NULL
2002,Michigan,66.4825,269,65.4078,252,100.43,168,105.079,123,105.86,271,102.017,149,3.06195,127,NULL
2002,"Florida St.",71.3685,102,67.9845,162,100.606,164,105.253,119,103.092,214,102.2,155,3.05308,128,NULL
2002,"Montana St.",65.8019,282,63.3613,292,105.785,72,106.193,109,100.433,156,103.178,179,3.01443,129,NULL
2002,"George Mason",68.3339,216,67.6092,176,102.461,137,104.823,130,97.3562,80,101.814,141,3.00862,130,NULL
2002,"Loyola Chicago",70.1669,149,69.2176,111,102.52,132,102.929,156,99.6856,140,100.066,108,2.86282,131,NULL
2002,"Western Michigan",68.1802,225,66.6159,211,105.526,78,107.091,95,103.684,229,104.425,205,2.66625,132,NULL
2002,Clemson,72.5471,69,69.1179,115,102.24,140,106.71,102,104.052,237,104.169,197,2.54115,133,NULL
2002,"Georgia Southern",76.4125,13,74.1757,8,104.725,94,106.722,99,99.3598,130,104.244,199,2.47792,134,NULL
2002,"Arkansas St.",66.698,262,63.8642,289,103.962,110,104.991,125,99.0673,118,102.523,159,2.46831,135,NULL
2002,"Wright St.",66.1562,276,64.9572,263,109.59,26,110.621,51,105.403,259,108.192,264,2.42918,136,NULL
2002,Chattanooga,71.6888,92,68.9485,124,100.525,166,103.28,152,99.939,145,100.974,127,2.30608,137,NULL
2002,"Weber St.",68.7323,200,67.8494,164,104.98,89,106.071,112,100.421,155,103.976,195,2.09548,138,NULL
2002,"Georgia St.",70.3994,138,69.3438,105,108.906,33,107.77,82,103.605,226,105.707,227,2.06293,139,NULL
2002,"North Carolina",72.6964,66,69.707,92,99.0289,197,105.157,120,108.521,305,103.104,174,2.05351,140,NULL
2002,"Virginia Tech",70.1593,151,66.9733,201,98.4752,204,103.904,140,100.816,165,101.898,147,2.00594,141,NULL
2002,Oakland,70.3003,144,70.0795,78,105.356,82,107.26,94,104.346,242,105.334,219,1.92607,142,NULL
2002,"Illinois St.",66.3871,273,65.7783,237,100.255,173,102.498,166,101.334,176,100.629,120,1.86917,143,NULL
2002,"Miami OH",61.602,322,60.2778,321,101.63,147,104.952,126,105.917,273,103.202,181,1.74931,144,NULL
2002,Yale,72.4125,72,73.0403,20,104.046,108,103.296,151,95.9371,62,101.858,146,1.43824,145,NULL
2002,"La Salle",66.4441,272,65.666,242,99.2452,195,103.638,146,102.089,188,102.27,157,1.36806,146,NULL
2002,"Murray St.",72.066,82,68.8517,130,106.506,60,106.304,107,103.119,216,105.225,216,1.07887,147,14
2002,"Central Connecticut",67.3755,245,63.7111,291,105.115,88,100.112,204,92.1765,11,99.1391,90,0.972884,148,14
2002,Princeton,58.9375,325,57.4964,325,100.354,170,102.408,170,98.517,101,101.598,140,0.810205,149,NULL
2002,"Cal Poly",67.6217,236,67.9877,161,100.748,160,102.593,162,99.1185,119,101.839,144,0.753677,150,NULL
2002,UCF,70.6301,131,69.4677,101,107.125,56,103.889,141,99.9183,143,103.14,176,0.748672,151,NULL
2002,"San Francisco",70.162,150,67.522,179,100.008,183,102.851,158,101.64,181,102.112,151,0.739271,152,NULL
2002,"The Citadel",69.4813,178,66.7582,206,102.168,143,104.874,128,100.055,147,104.348,200,0.526029,153,NULL
2002,"Wichita St.",67.6432,235,66.6215,210,105.954,66,107.365,92,105.63,266,106.965,245,0.400417,154,NULL
2002,"Eastern Washington",69.7774,170,68.6672,139,97.5035,229,100.007,207,98.3962,99,99.694,103,0.31253,155,NULL
2002,Delaware,66.97,252,66.2205,226,99.4478,191,102.41,169,99.7722,141,102.158,152,0.252887,156,NULL
2002,Rider,69.971,161,68.1981,154,100.036,181,99.8064,211,93.6278,26,99.5861,101,0.220261,157,NULL
2002,Toledo,67.4535,241,65.9994,232,98.1712,211,98.7004,232,100.202,149,98.6966,85,0.00379349,158,NULL
2002,"Troy St.",69.9474,163,68.8556,128,105.807,70,103.792,142,101.682,182,103.824,192,-0.0321845,159,NULL
2002,"North Texas",73.0962,60,71.6761,44,104.921,90,107.742,84,106.422,280,107.778,256,-0.0361164,160,NULL
2002,UTSA,73.9114,39,71.9704,35,103.157,121,102.694,159,96.8771,76,102.75,164,-0.0554349,161,NULL
2002,"Southern Miss",66.8577,258,64.0496,287,92.1044,300,97.3988,252,98.9948,115,97.6149,71,-0.216105,162,NULL
2002,UMKC,61.8588,321,60.3897,320,102.477,136,100.809,194,99.4953,134,101.132,129,-0.323319,163,NULL
2002,"Old Dominion",66.5546,267,64.5926,276,100.518,167,102.082,176,99.63,137,102.591,162,-0.508974,164,NULL
2002,"Texas Pan American",73.939,38,71.3986,48,101.576,149,100.64,197,98.604,104,101.223,133,-0.582234,165,NULL
2002,"Long Beach St.",70.4365,137,69.9581,81,100.133,176,103.079,154,103.455,222,103.723,187,-0.643714,166,NULL
2002,"Holy Cross",64.2138,307,62.0567,312,98.0754,214,97.6868,248,92.2897,12,98.3544,82,-0.667653,167,16
2002,"New Orleans",69.2056,185,67.7011,170,95.046,262,98.2879,238,97.3407,79,99.1543,91,-0.866409,168,NULL
2002,DePaul,73.9513,36,71.031,56,95.6735,250,100.196,201,103.478,223,101.106,128,-0.910175,169,NULL
2002,IUPUI,70.5141,135,69.1125,116,101.984,144,102.016,177,103.038,213,102.935,170,-0.919856,170,NULL
2002,Marshall,70.341,142,69.3698,104,107.404,50,109.54,65,111.288,317,110.47,293,-0.929871,171,NULL
2002,"Cal St. Northridge",70.1939,147,69.5261,99,95.5829,252,98.8096,228,99.5662,135,99.7552,104,-0.945579,172,NULL
2002,Furman,68.1074,227,65.4952,247,97.9547,217,99.829,209,99.4818,132,100.91,126,-1.0808,173,NULL
2002,"Morehead St.",70.9059,120,67.7307,169,105.588,76,104.903,127,105.31,257,106.217,235,-1.3136,174,NULL
2002,"James Madison",67.3276,246,65.5657,245,103.787,113,106.1,111,102.892,210,107.441,252,-1.34185,175,NULL
2002,"East Carolina",66.4586,271,64.6205,275,94.8845,266,102.105,175,104.614,247,103.566,185,-1.46124,176,NULL
2002,Drexel,71.3567,103,70.1854,75,101.895,146,104.056,138,102.639,200,105.542,224,-1.48545,177,NULL
2002,"Air Force",55.7833,327,53.9623,327,99.4506,190,103.496,149,106.81,283,104.986,212,-1.4906,178,NULL
2002,Samford,58.8263,326,56.5419,326,102.498,134,102.208,173,102.183,189,103.862,193,-1.65338,179,NULL
2002,Drake,65.795,283,64.1316,283,104.776,92,106.577,104,107.262,290,108.236,266,-1.65975,180,NULL
2002,"Northern Iowa",66.648,266,66.5467,213,105.433,79,107.751,83,108.903,308,109.481,285,-1.72998,181,NULL
2002,Siena,68.8425,196,66.0443,229,98.693,201,100.099,205,96.3688,67,101.835,143,-1.73585,182,16
2002,Niagara,71.1312,110,69.2566,110,104.27,103,106.217,108,102.301,194,107.96,261,-1.74218,183,NULL
2002,"Louisiana Monroe",71.5609,96,69.8547,85,97.7194,225,99.6427,216,99.1809,125,101.462,138,-1.81923,184,NULL
2002,"Boise St.",65.7546,284,64.9102,267,93.9495,282,97.9888,243,99.4855,133,100.07,109,-2.08135,185,NULL
2002,"Boston University",65.0025,292,64.2616,280,102.661,127,100.971,191,95.6198,58,103.168,177,-2.19695,186,16
2002,Buffalo,68.3058,219,67.3739,186,98.2737,207,99.1166,220,101.539,179,101.317,136,-2.20008,187,NULL
2002,UTEP,69.686,173,67.3848,185,97.6873,227,101.15,186,103.645,228,103.367,183,-2.21686,188,NULL
2002,Jacksonville,68.2694,221,66.4649,215,100.866,157,98.255,239,96.0947,64,100.495,115,-2.24001,189,NULL
2002,Vermont,68.3117,218,67.7378,168,108.83,35,105.47,117,98.6711,107,107.859,260,-2.38935,190,NULL
2002,"Northern Illinois",73.1918,55,71.8659,37,104.575,96,105.034,124,107.281,292,107.448,253,-2.41425,191,NULL
2002,"West Virginia",73.6201,45,71.7237,41,97.1416,235,102.885,157,107.227,289,105.646,226,-2.76093,192,NULL
2002,"Gardner Webb",76.5664,12,73.2835,17,100.65,163,101.17,185,98.9146,113,103.992,196,-2.82227,193,NULL
2002,Radford,71.1916,109,69.5446,98,97.7213,224,97.6595,249,94.4457,40,100.585,117,-2.92595,194,NULL
2002,"Cleveland St.",69.2478,182,68.4026,146,96.7541,241,97.2494,253,98.6516,106,100.203,112,-2.95329,195,NULL
2002,"George Washington",70.9433,116,70.4234,67,97.8566,220,102.511,165,105.775,269,105.583,225,-3.07225,196,NULL
2002,"Florida Atlantic",71.2357,107,69.8592,84,100.29,171,98.4514,234,98.4183,100,101.539,139,-3.08732,197,15
2002,"Sam Houston St.",74.3613,29,72.4872,26,99.3687,193,99.8157,210,97.5013,83,102.928,169,-3.11255,198,NULL
2002,"Middle Tennessee",67.858,232,65.7946,236,94.4733,273,96.5204,263,98.2959,95,99.6718,102,-3.15147,199,NULL
2002,"Penn St.",68.3911,214,67.5138,180,93.0851,289,98.8516,226,105.642,267,102.26,156,-3.40807,200,NULL
2002,Rice,69.2301,183,67.4724,183,94.7062,270,97.7057,247,100.385,154,101.162,131,-3.45632,201,NULL
2002,"Austin Peay",69.9376,164,67.0922,193,98.0954,213,98.7338,231,102.489,198,102.199,154,-3.46529,202,NULL
2002,Wagner,76.9199,10,73.1798,19,105.923,67,102.622,160,98.8969,112,106.191,234,-3.56842,203,NULL
2002,Brown,72.1794,80,72.4768,27,105.168,87,105.596,115,102.421,196,109.354,283,-3.75825,204,NULL
2002,"Central Michigan",68.749,199,67.6574,173,99.822,184,101.053,188,106.836,284,105.017,214,-3.96405,205,NULL
2002,"Santa Clara",67.9222,229,66.0224,231,97.2652,233,100.998,190,104.439,244,104.983,211,-3.98528,206,NULL
2002,Montana,70.0308,158,68.3682,148,101.955,145,102.418,168,105.028,252,106.604,238,-4.18602,207,15
2002,American,65.2678,290,62.6464,306,100.246,174,100.599,198,98.0368,92,104.809,210,-4.21054,208,NULL
2002,Centenary,68.8462,195,65.3224,253,100.124,177,101.038,189,102.028,186,105.357,220,-4.31895,209,NULL
2002,Fairfield,73.105,59,71.6797,43,97.4864,230,98.7678,229,99.2127,127,103.195,180,-4.42701,210,NULL
2002,"Washington St.",72.1009,81,69.5722,94,97.3167,232,104.183,137,111.765,320,108.633,271,-4.45072,211,NULL
2002,"Green Bay",62.5697,317,62.0467,313,103.818,112,104.865,129,108.104,300,109.379,284,-4.51443,212,NULL
2002,"Southern Utah",64.4554,304,63.2513,294,98.1355,212,100.135,203,103.499,224,104.77,209,-4.63521,213,NULL
2002,Bradley,64.5336,302,63.0243,298,92.9698,290,94.8434,282,99.6518,139,99.584,100,-4.74062,214,NULL
2002,Fordham,74.7205,24,74.3723,6,94.8086,268,98.9744,222,105.487,261,103.723,186,-4.74827,215,NULL
2002,Winthrop,68.2128,222,65.6142,244,100.238,175,97.1532,255,94.6587,45,102.197,153,-5.04399,216,16
2002,"Northern Arizona",68.2876,220,67.0373,196,96.0409,249,96.2016,268,99.1517,121,101.252,134,-5.05074,217,NULL
2002,"Texas A&M",70.1263,153,67.766,166,91.3707,304,96.9866,257,105.69,268,102.038,150,-5.05127,218,NULL
2002,Belmont,67.0836,250,64.9185,266,107.093,57,108.354,77,111.824,321,113.538,311,-5.18423,219,NULL
2002,Iona,72.8534,63,70.5457,64,96.644,243,98.1347,240,98.3334,98,103.331,182,-5.19625,220,NULL
2002,"Saint Mary's",66.9174,255,64.9242,265,89.0469,314,91.2355,306,96.8348,74,96.4747,54,-5.23924,221,NULL
2002,Hofstra,71.8031,91,70.4631,66,91.4163,303,94.4354,283,97.6769,87,100.008,106,-5.5726,222,NULL
2002,Howard,72.3951,73,69.8081,89,103.155,122,101.45,183,100.495,158,107.165,249,-5.71547,223,NULL
2002,Duquesne,67.1673,248,66.2452,224,94.0776,279,98.9721,224,106.856,285,104.725,208,-5.75321,224,NULL
2002,"William & Mary",66.6933,263,65.1629,258,94.0762,280,96.1788,270,101.121,171,101.944,148,-5.76537,225,NULL
2002,Colgate,68.2127,223,66.5969,212,102.607,129,101.33,184,100.966,169,107.103,247,-5.77304,226,NULL
2002,"Southwest Texas St.",73.4815,48,70.1662,76,99.4611,189,99.9417,208,101.892,183,106.039,231,-6.09749,227,NULL
2002,"Appalachian St.",75.6738,17,72.3922,29,98.173,210,101.762,180,106.891,286,108.002,262,-6.23985,228,NULL
2002,Akron,66.7009,261,65.4218,251,102.65,128,104.752,131,110.837,313,111.006,296,-6.25413,229,NULL
2002,FIU,66.6703,264,64.126,284,93.7269,284,96.1799,269,100.58,164,102.528,160,-6.3485,230,NULL
2002,"Indiana St.",64.4737,303,63.7547,290,95.2902,260,97.8979,244,104.836,249,104.35,201,-6.45161,231,NULL
2002,"Western Carolina",74.7169,25,71.3707,51,97.9575,216,99.6781,215,104.15,238,106.175,232,-6.49674,232,NULL
2002,Monmouth,68.7152,201,65.4514,249,98.3714,205,96.1612,271,98.1764,94,102.66,163,-6.4984,233,NULL
2002,"Rhode Island",66.6614,265,64.3993,279,92.653,294,97.0822,256,106.366,278,103.815,191,-6.73299,234,NULL
2002,Harvard,67.4698,240,67.1823,191,94.2442,275,93.9993,288,95.0796,53,100.754,124,-6.75514,235,NULL
2002,"Eastern Illinois",73.1187,58,70.3496,70,99.7184,186,101.567,182,107.86,297,108.451,269,-6.88313,236,NULL
2002,Columbia,60.1604,323,59.0167,324,90.9062,307,90.887,308,94.3879,38,97.8088,74,-6.92178,237,NULL
2002,Lafayette,69.9662,162,70.0251,80,102.424,138,102.348,171,102.744,205,109.331,282,-6.98348,238,NULL
2002,"Northwestern St.",72.7483,65,70.3812,69,98.2148,209,100.183,202,103.252,219,107.169,250,-6.98644,239,NULL
2002,"Tennessee St.",75.2707,21,72.54,25,102.511,133,102.539,163,108.33,303,109.727,286,-7.18747,240,NULL
2002,VMI,79.7171,3,77.4368,3,94.5983,272,98.8798,225,106.069,274,106.189,233,-7.30886,241,NULL
2002,"Delaware St.",64.921,295,62.5782,307,100.653,162,99.1614,219,99.4325,131,106.609,239,-7.44748,242,NULL
2002,UMBC,72.3858,75,70.3916,68,99.6442,188,95.6381,276,94.8954,47,103.113,175,-7.47509,243,NULL
2002,"Portland St.",70.906,119,68.7575,134,101.328,153,104.473,133,111.103,315,112.196,305,-7.72304,244,NULL
2002,Wofford,69.6867,172,67.0229,198,89.4897,313,93.6118,293,101.52,178,101.432,137,-7.81997,245,NULL
2002,Lamar,71.4698,100,69.3414,106,97.8067,222,97.9977,242,100.019,146,105.877,230,-7.87887,246,NULL
2002,"Texas A&M Corpus Chris",75.5073,19,73.1832,18,99.8122,185,100.952,192,103.841,231,108.904,275,-7.95178,247,NULL
2002,"UC Riverside",67.48,239,67.0567,195,95.4006,259,99.2104,218,105.528,263,107.297,251,-8.08681,248,NULL
2002,"Jacksonville St.",67.5997,237,65.9504,233,102.552,130,101.124,187,103.939,233,109.229,281,-8.10488,249,NULL
2002,"UT Arlington",73.8998,40,71.8556,38,100.934,156,101.911,179,105.324,258,110.166,288,-8.25485,250,NULL
2002,"Tennessee Martin",73.6675,44,71.0493,55,99,198,98.735,230,105.213,255,107.094,246,-8.35879,251,NULL
2002,"Alcorn St.",76.0664,16,72.5438,24,103.421,118,99.7682,212,99.637,138,108.17,263,-8.40177,252,16
2002,"San Jose St.",64.3949,306,62.9676,300,94.6367,271,98.3811,237,106.396,279,106.792,242,-8.41071,253,NULL
2002,Portland,74.7126,26,72.7343,23,94.2218,276,97.2251,254,105.096,254,105.84,228,-8.61513,254,NULL
2002,"South Alabama",68.4867,210,66.4832,214,92.0615,301,95.8905,274,102.264,193,104.568,207,-8.67767,255,NULL
2002,Denver,66.7681,260,65.751,238,96.5173,246,98.8318,227,104.84,250,107.616,254,-8.7844,256,NULL
2002,"St. Francis NY",76.1029,15,73.3415,15,104.416,100,100.009,206,101.26,175,109.095,280,-9.08573,257,NULL
2002,Canisius,68.3153,217,65.9503,234,95.4745,256,96.1188,272,100.178,148,105.29,217,-9.17077,258,NULL
2002,"Loyola Marymount",70.6499,130,68.524,143,96.6345,245,99.09,221,107.148,288,108.335,267,-9.24474,259,NULL
2002,"Stephen F. Austin",66.0314,278,62.8739,303,94.0407,281,93.6528,291,97.6523,85,102.899,167,-9.24635,260,NULL
2002,"Alabama A&M",81.6407,1,78.725,1,97.8208,221,91.9307,304,90.6649,6,101.314,135,-9.38333,261,NULL
2002,Quinnipiac,75.6694,18,74.2191,7,103.436,117,100.471,199,102.853,209,109.876,287,-9.4054,262,NULL
2002,"Western Illinois",69.8519,168,68.4089,145,102.235,141,102.125,174,108.705,306,111.535,302,-9.40954,263,NULL
2002,"UNC Asheville",71.5058,97,68.2651,152,96.8533,239,98.5089,233,102.599,199,108.233,265,-9.724,264,NULL
2002,Evansville,69.1751,186,68.8249,131,96.4956,247,97.6082,250,109.064,310,107.806,258,-10.1974,265,NULL
2002,"Idaho St.",70.3385,143,68.7323,135,95.6411,251,96.4428,265,103.846,232,106.779,241,-10.3363,266,NULL
2002,"South Carolina St.",70.5956,133,67.8538,163,96.6501,242,95.8219,275,102.227,190,106.445,237,-10.6233,267,NULL
2002,Stetson,73.1952,54,72.0652,33,97.5166,228,97.5655,251,107.56,293,108.794,273,-11.2286,268,NULL
2002,Bucknell,66.0688,277,65.2251,255,93.1399,288,94.0826,286,98.3036,97,105.515,223,-11.4322,269,NULL
2002,Navy,70.9965,113,70.4839,65,94.8924,265,93.6146,292,100.301,150,105.305,218,-11.6905,270,NULL
2002,"North Carolina A&T",72.392,74,70.2063,73,92.3981,296,92.4527,301,99.6072,136,104.417,204,-11.9646,271,NULL
2002,"Alabama St.",68.1969,224,62.8315,305,94.9003,264,89.8764,312,93.984,29,102.35,158,-12.4734,272,NULL
2002,Idaho,59.9191,324,59.0651,323,89.7534,310,92.4109,302,104.177,239,105.016,213,-12.6052,273,NULL
2002,"Sacramento St.",73.8644,42,72.9911,21,96.6348,244,96.4004,266,104.235,240,109.071,279,-12.6705,274,NULL
2002,Hartford,65.6048,287,65.1985,256,92.1349,299,91.5772,305,98.8299,110,104.402,202,-12.825,275,NULL
2002,Towson,67.9487,228,66.4495,218,86.2263,320,90.051,311,100.574,161,103.042,173,-12.9909,276,NULL
2002,"Southeast Missouri St.",69.8288,169,67.0878,194,100.956,155,100.661,196,112.204,323,113.811,315,-13.1504,277,NULL
2002,Northeastern,72.3823,76,72.0446,34,97.7012,226,97.7198,246,103.14,218,111.16,297,-13.4402,278,NULL
2002,"Mississippi Valley St.",73.5812,46,69.0895,117,104.041,109,100.787,195,107.077,287,114.312,318,-13.5258,279,NULL
2002,"Florida A&M",70.9456,115,69.1395,113,92.7489,292,93.3998,294,102.254,192,106.935,244,-13.5355,280,NULL
2002,"Charleston Southern",69.4637,179,66.9984,199,89.6161,312,90.2262,310,99.174,124,103.764,189,-13.5375,281,NULL
2002,"Cal St. Fullerton",66.2681,275,65.3133,254,91.718,302,94.9825,280,107.606,294,108.526,270,-13.543,282,NULL
2002,Elon,73.8678,41,71.8056,40,91.0008,306,90.7786,309,98.8536,111,104.409,203,-13.6304,283,NULL
2002,Maine,64.9093,296,62.8552,304,96.3635,248,93.9546,289,101.049,170,107.789,257,-13.8347,284,NULL
2002,"Bethune Cookman",70.8839,122,69.0526,119,95.5532,254,94.4314,284,102.649,202,109.026,277,-14.5941,285,NULL
2002,"New Hampshire",70.9389,117,70.297,71,96.8875,238,96.5563,262,106.241,275,111.397,300,-14.8404,286,NULL
2002,"Youngstown St.",67.8643,231,67.308,187,93.3185,287,95.2466,279,110.688,312,110.191,289,-14.9443,287,NULL
2002,"Norfolk St.",72.2385,79,70.2231,72,92.965,291,93.3091,296,102.692,203,108.359,268,-15.0502,288,NULL
2002,Army,68.7967,197,67.751,167,95.4034,258,94.9466,281,103.339,220,110.196,290,-15.2494,289,NULL
2002,IPFW,74.9893,23,73.8549,11,94.7181,269,96.7111,260,109.98,311,111.998,303,-15.2867,290,NULL
2002,"Robert Morris",68.78,198,65.4737,248,100.853,158,98.9721,223,107.846,296,114.274,317,-15.3019,291,NULL
2002,Binghamton,68.6147,205,66.9907,200,94.2047,277,92.2791,303,100.58,163,107.651,255,-15.372,292,NULL
2002,"Jackson St.",73.3074,50,69.5481,97,97.9117,219,96.605,261,105.07,253,112.001,304,-15.3961,293,NULL
2002,Mercer,69.7745,171,68.2995,150,94.4226,274,95.6271,277,111.12,316,111.45,301,-15.8227,294,NULL
2002,"Maryland Eastern Shore",65.9355,279,64.0835,286,98.222,208,98.3907,236,107.902,299,114.491,319,-16.1004,295,NULL
2002,"Eastern Kentucky",73.952,35,69.9398,82,93.5469,285,92.7882,298,108.396,304,108.924,276,-16.1358,296,NULL
2002,"Birmingham Southern",64.4418,305,62.2009,310,95.0965,261,94.0161,287,100.316,151,110.247,291,-16.2311,297,NULL
2002,Lehigh,70.6062,132,69.8994,83,92.3272,297,92.7204,299,103.12,217,109.037,278,-16.3166,298,NULL
2002,"Southeastern Louisiana",62.9616,314,60.2557,322,88.4812,316,88.9728,316,99.923,144,105.472,222,-16.4995,299,NULL
2002,"Sacred Heart",74.4677,27,71.3716,50,98.6765,203,95.9471,273,105.011,251,112.649,308,-16.7015,300,NULL
2002,Campbell,69.2986,181,68.1119,158,100.011,182,100.413,200,115.091,325,117.366,325,-16.9527,301,NULL
2002,"High Point",69.6736,174,66.8469,205,95.5597,253,96.3784,267,106.335,277,113.449,310,-17.0705,302,NULL
2002,Cornell,64.806,299,64.7753,270,87.048,319,88.7921,318,103.439,221,106.348,236,-17.5558,303,NULL
2002,Dartmouth,62.2089,320,62.1684,311,99.0567,196,99.7496,213,112.088,322,117.418,326,-17.6684,304,NULL
2002,"St. Francis PA",67.8833,230,65.0224,260,92.55,295,88.9676,317,102.475,197,107.106,248,-18.1383,305,NULL
2002,"Coastal Carolina",73.9424,37,71.928,36,94.119,278,95.5427,278,105.898,272,113.783,314,-18.2398,306,NULL
2002,"Eastern Michigan",68.5461,209,67.4732,182,94.824,267,96.4763,264,115.244,326,115.123,322,-18.6468,307,NULL
2002,"Saint Peter's",72.7487,64,70.9242,60,89.6438,311,92.6896,300,106.751,282,111.362,299,-18.6728,308,NULL
2002,"Grambling St.",78.4771,6,73.7518,12,98.7255,200,96.9742,259,110.952,314,115.802,323,-18.8278,309,NULL
2002,Lipscomb,72.5725,67,68.9373,125,92.6765,293,93.3988,295,108.181,301,112.642,307,-19.2435,310,NULL
2002,"Texas Southern",72.3443,77,67.56,178,95.514,255,94.309,285,107.833,295,113.721,312,-19.4124,311,NULL
2002,"Stony Brook",67.6824,234,65.5349,246,90.0985,309,91.1887,307,104.475,245,111.183,298,-19.9943,312,NULL
2002,Albany,63.7277,311,62.3989,309,88.9679,315,86.6575,321,101.134,172,106.922,243,-20.2647,313,NULL
2002,"Loyola MD",67.7569,233,65.4248,250,85.1754,323,86.391,322,101.457,177,106.742,240,-20.3513,314,NULL
2002,"Coppin St.",65.8735,280,64.0837,285,87.7164,317,87.6161,319,104.047,236,108.71,272,-21.0941,315,NULL
2002,"Morgan St.",71.6788,93,69.8156,88,90.3069,308,89.5688,313,106.323,276,110.883,295,-21.3144,316,NULL
2002,Southern,77.0532,9,72.2757,31,96.9735,237,93.6612,290,109.009,309,115.104,321,-21.4424,317,NULL
2002,"Fairleigh Dickinson",72.5149,70,70.1385,77,95.4195,257,93.0973,297,108.241,302,115.942,324,-22.8443,318,NULL
2002,"Prairie View A&M",78.4102,7,73.5943,13,91.094,305,89.3506,314,107.272,291,112.583,306,-23.2322,319,NULL
2002,"Chicago St.",71.821,89,69.2935,108,86.0445,321,89.1481,315,113.511,324,113.729,313,-24.5812,320,NULL
2002,"LIU Brooklyn",76.6163,11,74.1225,9,97.4024,231,96.9765,258,117.672,327,121.959,327,-24.982,321,NULL
2002,Liberty,73.9742,34,72.375,30,85.6407,322,85.2835,323,104.629,248,110.445,292,-25.1614,322,NULL
2002,"Nicholls St.",70.8043,123,68.6088,141,83.3346,324,86.8318,320,111.445,318,112.874,309,-26.0426,323,NULL
2002,"Arkansas Pine Bluff",80.2067,2,75.2606,5,82.6842,325,82.0046,326,105.805,270,110.723,294,-28.7188,324,NULL
2002,"Mount St. Mary's",70.1032,155,66.741,207,87.0517,318,84.742,325,107.878,298,114.24,316,-29.4982,325,NULL
2002,"Morris Brown",70.0084,160,67.2986,188,80.6534,326,84.76,324,111.658,319,114.624,320,-29.8643,326,NULL
2002,"Savannah St.",70.0803,157,66.1503,227,76.7245,327,77.6672,327,106.468,281,108.849,274,-31.1818,327,NULL
